Date,Open,High,Low,Close,Volume,Sector_Close,Order_Flow
2022-05-18,3372.5,4537.5,3372.5,3801.0,22,3801.0,0
2022-05-19,3450.0,3450.0,3437.5,3437.5,9,3437.5,0
2022-05-20,3437.5,3437.5,3437.5,3437.5,0,3437.5,0
2022-05-23,3437.5,3437.5,3437.5,3437.5,0,3437.5,0
2022-05-24,3437.5,3437.5,3437.5,3437.5,0,3437.5,0
2022-05-25,3437.5,3437.5,3437.5,3437.5,0,3437.5,0
2022-05-26,3437.5,3437.5,3437.5,3437.5,0,3437.5,0
2022-05-27,3437.5,3437.5,3437.5,3437.5,0,3437.5,0
2022-05-31,2210.0,2210.0,2150.0,2150.0,3,2150.0,0
2022-06-01,2115.0,2115.0,2115.0,2115.0,2,2115.0,0
2022-06-02,1925.0,1972.5,1925.0,1972.5,3,1972.5,0
2022-06-03,2047.5,2047.5,2020.0,2020.0,2,2020.0,0
2022-06-06,2027.5,2027.5,2027.5,2027.5,2,2027.5,0
2022-06-07,2027.5,2027.5,2027.5,2027.5,0,2027.5,0
2022-06-08,2027.5,2027.5,2027.5,2027.5,0,2027.5,0
2022-06-09,2075.0,2175.0,2075.0,2175.0,3,2175.0,0
2022-06-10,2175.0,2175.0,2175.0,2175.0,0,2175.0,0
2022-06-13,1925.0,1925.0,1925.0,1925.0,1,1925.0,0
2022-06-14,1925.0,1925.0,1925.0,1925.0,0,1925.0,0
2022-06-15,1925.0,1925.0,1925.0,1925.0,0,1925.0,0
2022-06-16,1925.0,1925.0,1925.0,1925.0,0,1925.0,0
2022-06-17,1500.0,1710.0,1500.0,1707.5,4,1707.5,0
2022-06-21,1707.5,1707.5,1707.5,1707.5,0,1707.5,0
2022-06-22,1707.5,1707.5,1707.5,1707.5,0,1707.5,0
2022-06-23,1707.5,1707.5,1707.5,1707.5,0,1707.5,0
2022-06-24,1707.5,1707.5,1707.5,1707.5,0,1707.5,0
2022-06-27,1572.5,1575.0,1548.75,1548.75,5,1548.75,0
2022-06-28,1537.5,1575.0,1534.5,1537.5,7,1537.5,0
2022-06-29,1575.0,1575.0,1575.0,1575.0,5,1575.0,0
2022-06-30,774.25,782.5,475.0,507.5,12397,507.5,0
2022-07-01,487.5,497.5,332.5,347.5,10682,347.5,0
2022-07-05,340.0,375.0,307.5,310.0,6807,310.0,0
2022-07-06,295.0,422.5,275.0,302.5,22553,302.5,0
2022-07-07,365.0,416.25,320.0,332.5,69520,332.5,0
2022-07-08,320.0,337.5,310.0,320.0,11449,320.0,0
2022-07-11,295.0,302.5,282.5,285.0,6127,285.0,0
2022-07-12,280.0,287.5,260.0,262.5,6006,262.5,0
2022-07-13,246.25,255.0,227.5,243.75,5618,243.75,0
2022-07-14,237.5,242.5,220.0,228.75,4714,228.75,0
2022-07-15,235.0,235.0,224.0,231.0,3911,231.0,0
2022-07-18,230.0,265.0,230.0,245.0,9326,245.0,0
2022-07-19,244.0,298.5,242.5,292.5,12599,292.5,0
2022-07-20,302.5,310.0,272.5,275.0,11718,275.0,0
2022-07-21,265.0,282.5,257.5,272.5,6312,272.5,0
2022-07-22,272.5,272.5,245.0,255.0,4411,255.0,0
2022-07-25,247.5,277.5,240.0,255.0,4990,255.0,0
2022-07-26,242.5,248.0,217.5,221.0,6545,221.0,0
2022-07-27,227.0,445.0,227.0,317.5,231318,317.5,0
2022-07-28,360.0,365.0,282.5,337.5,139976,337.5,0
2022-07-29,305.0,315.0,260.0,277.5,34748,277.5,0
2022-08-01,265.0,277.5,250.0,270.0,22838,270.0,0
2022-08-02,285.0,337.5,277.5,282.5,50321,282.5,0
2022-08-03,285.0,290.0,265.0,275.0,18153,275.0,0
2022-08-04,272.5,297.5,265.0,277.5,17144,277.5,0
2022-08-05,272.5,287.5,262.5,267.5,9198,267.5,0
2022-08-08,270.0,282.5,265.0,272.5,10230,272.5,0
2022-08-09,270.0,272.5,252.5,262.5,7512,262.5,0
2022-08-10,267.5,277.5,260.0,277.5,9074,277.5,0
2022-08-11,282.5,310.0,275.0,280.0,11470,280.0,0
2022-08-12,282.5,300.0,282.5,297.5,8942,297.5,0
2022-08-15,271.25,275.0,262.5,270.0,8394,270.0,0
2022-08-16,270.0,325.0,262.5,280.0,36203,280.0,0
2022-08-17,282.5,307.5,270.0,272.5,22904,272.5,0
2022-08-18,280.0,285.0,267.5,277.5,11731,277.5,0
2022-08-19,267.5,272.5,246.5,255.0,13876,255.0,0
2022-08-22,252.5,257.5,241.25,243.0,6579,243.0,0
2022-08-23,241.25,245.0,217.25,221.25,9739,221.25,0
2022-08-24,225.0,231.25,222.5,225.75,3784,225.75,0
2022-08-25,230.0,234.5,222.5,223.75,3521,223.75,0
2022-08-26,227.0,227.5,215.0,216.5,3950,216.5,0
2022-08-29,207.5,220.0,207.5,216.75,3966,216.75,0
2022-08-30,212.5,217.5,196.25,197.0,5096,197.0,0
2022-08-31,197.5,200.0,195.0,196.75,1528,196.75,0
2022-09-01,195.25,199.5,181.25,191.75,2958,191.75,0
2022-09-02,200.0,206.25,186.75,193.75,2810,193.75,0
2022-09-06,198.0,200.0,191.5,196.25,1439,196.25,0
2022-09-07,195.0,199.75,190.0,194.25,1217,194.25,0
2022-09-08,190.25,200.0,185.5,189.0,1326,189.0,0
2022-09-09,194.25,200.0,190.75,197.0,1901,197.0,0
2022-09-12,200.0,215.0,192.5,203.25,4229,203.25,0
2022-09-13,192.75,197.5,190.25,193.75,2129,193.75,0
2022-09-14,192.5,203.25,187.75,198.5,1997,198.5,0
2022-09-15,225.0,230.0,197.5,204.0,20922,204.0,0
2022-09-16,201.0,204.5,183.25,185.0,4314,185.0,0
2022-09-19,184.75,189.75,165.0,167.5,3805,167.5,0
2022-09-20,170.0,180.0,167.5,175.0,2482,175.0,0
2022-09-21,173.75,186.5,165.0,172.5,2665,172.5,0
2022-09-22,172.75,179.5,163.75,173.25,2257,173.25,0
2022-09-23,170.25,177.5,163.75,172.75,2720,172.75,0
2022-09-26,167.75,182.5,165.0,167.5,1592,167.5,0
2022-09-27,168.5,175.0,165.75,170.25,1092,170.25,0
2022-09-28,164.75,177.25,163.0,172.5,1262,172.5,0
2022-09-29,172.75,174.25,166.25,171.0,1087,171.0,0
2022-09-30,171.25,177.5,168.25,173.25,1485,173.25,0
2022-10-03,170.25,182.5,170.25,176.5,1130,176.5,0
2022-10-04,182.0,182.5,176.5,179.25,1285,179.25,0
2022-10-05,176.25,185.0,175.0,182.5,984,182.5,0
2022-10-06,182.5,190.0,180.0,187.75,1253,187.75,0
2022-10-07,189.75,189.75,177.5,182.0,1106,182.0,0
2022-10-10,177.5,187.5,169.75,184.0,1556,184.0,0
2022-10-11,184.0,185.75,176.25,182.5,601,182.5,0
2022-10-12,182.5,183.0,172.5,180.25,749,180.25,0
2022-10-13,171.5,186.25,171.5,185.0,743,185.0,0
2022-10-14,182.5,190.0,180.25,188.0,1326,188.0,0
2022-10-17,187.5,196.25,182.75,195.25,1351,195.25,0
2022-10-18,197.5,200.0,177.75,183.0,2120,183.0,0
2022-10-19,181.75,184.25,175.0,177.5,892,177.5,0
2022-10-20,177.25,178.75,171.25,176.25,706,176.25,0
2022-10-21,176.5,176.5,165.0,169.75,1427,169.75,0
2022-10-24,168.75,168.75,152.75,158.75,1267,158.75,0
2022-10-25,157.75,167.5,157.5,164.0,1714,164.0,0
2022-10-26,160.0,168.75,155.5,156.25,1466,156.25,0
2022-10-27,158.5,160.0,140.25,144.25,2518,144.25,0
2022-10-28,142.75,145.0,130.0,142.75,2436,142.75,0
2022-10-31,139.5,140.0,130.5,135.75,853,135.75,0
2022-11-01,140.0,140.5,132.5,136.5,1421,136.5,0
2022-11-02,137.5,137.5,130.25,130.25,1048,130.25,0
2022-11-03,134.0,135.0,114.0,116.75,2621,116.75,0
2022-11-04,116.75,119.5,112.75,115.0,951,115.0,0
2022-11-07,115.0,124.5,103.5,112.0,1430,112.0,0
2022-11-08,108.75,117.5,107.5,109.5,828,109.5,0
2022-11-09,107.5,107.75,92.5,96.0,1544,96.0,0
2022-11-10,96.5,107.5,96.25,106.75,1124,106.75,0
2022-11-11,104.75,115.0,102.75,113.25,955,113.25,0
2022-11-14,114.0,115.0,106.25,111.0,672,111.0,0
2022-11-15,112.5,118.0,109.5,112.5,763,112.5,0
2022-11-16,112.5,112.5,105.25,107.5,497,107.5,0
2022-11-17,107.25,110.0,101.25,103.0,619,103.0,0
2022-11-18,107.5,107.5,100.0,100.75,518,100.75,0
2022-11-21,102.5,102.5,92.5,93.75,884,93.75,0
2022-11-22,95.0,95.0,87.75,93.75,2220,93.75,0
2022-11-23,92.25,92.25,87.5,89.0,1112,89.0,0
2022-11-25,88.75,89.0,82.5,83.5,806,83.5,0
2022-11-28,83.25,85.0,75.0,75.75,2132,75.75,0
2022-11-29,77.25,77.25,70.25,72.5,2215,72.5,0
2022-11-30,75.0,75.0,71.25,73.75,950,73.75,0
2022-12-01,75.0,76.25,72.75,74.75,949,74.75,0
2022-12-02,74.75,75.0,72.5,75.0,950,75.0,0
2022-12-05,75.0,75.0,72.0,72.5,549,72.5,0
2022-12-06,72.25,72.25,62.75,66.25,1622,66.25,0
2022-12-07,69.5,69.5,62.75,64.5,978,64.5,0
2022-12-08,64.5,67.5,62.5,64.25,1609,64.25,0
2022-12-09,64.0,67.5,62.75,66.5,572,66.5,0
2022-12-12,67.5,75.75,66.5,70.5,1804,70.5,0
2022-12-13,70.0,73.75,66.25,67.5,914,67.5,0
2022-12-14,65.5,70.0,62.5,68.0,1338,68.0,0
2022-12-15,66.0,73.5,64.0,65.25,4064,65.25,0
2022-12-16,65.0,75.0,62.75,75.0,3143,75.0,0
2022-12-19,72.75,72.75,66.5,72.0,1472,72.0,0
2022-12-20,67.25,72.0,65.25,72.0,1577,72.0,0
2022-12-21,66.5,70.0,65.25,66.75,880,66.75,0
2022-12-22,67.25,69.5,59.5,60.75,1591,60.75,0
2022-12-23,64.5,67.25,58.75,59.0,516,59.0,0
2022-12-27,51.75,60.0,51.75,55.25,1142,55.25,0
2022-12-28,55.5,56.25,43.25,48.0,2426,48.0,0
2022-12-29,44.5,50.0,44.0,48.0,3484,48.0,0
2022-12-30,46.5,49.5,46.5,48.0,1723,48.0,0
2023-01-03,47.25,50.0,46.25,48.25,1402,48.25,0
2023-01-04,57.5,142.5,53.0,87.5,280529,87.5,0
2023-01-05,72.5,79.75,67.25,73.5,19819,73.5,0
2023-01-06,75.75,107.5,65.25,81.0,39433,81.0,0
2023-01-09,86.25,97.5,72.5,80.75,14432,80.75,0
2023-01-10,82.5,85.0,77.75,80.25,6345,80.25,0
2023-01-11,80.25,85.0,71.25,75.0,7302,75.0,0
2023-01-12,77.25,85.0,72.5,76.5,17978,76.5,0
2023-01-13,75.0,77.5,70.0,74.0,19956,74.0,0
2023-01-17,74.25,78.5,71.75,75.0,12896,75.0,0
2023-01-18,73.5,75.0,65.0,66.5,11617,66.5,0
2023-01-19,68.5,69.25,63.0,65.0,6666,65.0,0
2023-01-20,67.5,73.75,65.0,70.0,18552,70.0,0
2023-01-23,70.0,79.25,64.5,69.75,69942,69.75,0
2023-01-24,66.25,67.5,62.5,64.25,33715,64.25,0
2023-01-25,64.25,65.0,57.5,60.25,21452,60.25,0
2023-01-26,72.75,87.5,53.0,57.0,451704,57.0,0
2023-01-27,54.75,55.0,49.75,51.75,89910,51.75,0
2023-01-30,51.25,53.5,47.75,50.75,44699,50.75,0
2023-01-31,50.0,55.5,49.5,54.0,30234,54.0,0
2023-02-01,54.0,54.0,50.25,52.0,19390,52.0,0
2023-02-02,51.25,56.0,50.5,54.25,33795,54.25,0
2023-02-03,54.25,55.0,50.25,51.0,29329,51.0,0
2023-02-06,52.5,54.25,50.75,52.0,19808,52.0,0
2023-02-07,52.0,52.5,49.5,50.5,17755,50.5,0
2023-02-08,51.25,52.0,48.5,48.5,14305,48.5,0
2023-02-09,55.25,57.5,48.0,48.75,129803,48.75,0
2023-02-10,47.5,47.5,43.75,44.75,31068,44.75,0
2023-02-13,45.25,51.75,45.0,47.5,24773,47.5,0
2023-02-14,46.5,49.5,46.25,47.5,9456,47.5,0
2023-02-15,47.0,48.0,46.75,48.0,17356,48.0,0
2023-02-16,47.25,48.0,44.5,46.0,19571,46.0,0
2023-02-17,46.0,46.25,42.75,43.25,19522,43.25,0
2023-02-21,45.0,45.0,40.0,41.5,17076,41.5,0
2023-02-22,40.0,46.5,38.75,45.25,21534,45.25,0
2023-02-23,45.0,46.0,42.5,45.25,9962,45.25,0
2023-02-24,44.25,45.25,41.0,42.25,8973,42.25,0
2023-02-27,41.0,43.25,41.0,43.0,5089,43.0,0
2023-02-28,43.25,45.0,41.75,42.75,4369,42.75,0
2023-03-01,44.5,44.75,42.5,44.0,6790,44.0,0
2023-03-02,43.25,46.5,43.25,45.0,6825,45.0,0
2023-03-03,45.0,45.25,43.25,45.0,5386,45.0,0
2023-03-06,43.75,45.0,43.25,44.0,5314,44.0,0
2023-03-07,44.25,44.75,39.0,42.5,9866,42.5,0
2023-03-08,42.0,42.0,40.0,40.25,7299,40.25,0
2023-03-09,41.75,41.75,38.5,39.5,7708,39.5,0
2023-03-10,38.5,39.5,35.25,36.25,9441,36.25,0
2023-03-13,37.5,37.5,35.0,36.75,7353,36.75,0
2023-03-14,36.75,40.0,34.5,35.0,7540,35.0,0
2023-03-15,34.0,35.0,30.0,31.25,11386,31.25,0
2023-03-16,30.0,31.25,25.25,26.75,34040,26.75,0
2023-03-17,26.5,27.25,21.5,24.5,30222,24.5,0
2023-03-20,24.25,26.25,23.75,24.75,8857,24.75,0
2023-03-21,24.75,29.75,24.75,27.5,38757,27.5,0
2023-03-22,26.75,26.75,23.75,24.5,14340,24.5,0
2023-03-23,24.25,26.75,22.75,24.25,21932,24.25,0
2023-03-24,23.75,25.5,21.25,22.5,29737,22.5,0
2023-03-27,23.0,23.75,21.75,22.25,15849,22.25,0
2023-03-28,22.25,22.5,20.25,20.5,14460,20.5,0
2023-03-29,21.25,22.0,20.5,21.75,15406,21.75,0
2023-03-30,22.5,24.25,20.75,21.0,36278,21.0,0
2023-03-31,21.0,21.75,19.5,20.75,30112,20.75,0
2023-04-03,20.75,20.75,13.75,14.25,95188,14.25,0
2023-04-04,16.0,16.0,11.050000190734863,11.600000381469727,196800,11.600000381469727,0
2023-04-05,10.949999809265137,11.5,9.25,9.25,50180,9.25,0
2023-04-06,12.050000190734863,15.0,8.039999961853027,11.800000190734863,2805240,11.800000190734863,0
2023-04-10,10.899999618530273,12.300000190734863,10.149999618530273,11.800000190734863,170240,11.800000190734863,0
2023-04-11,11.899999618530273,12.25,10.550000190734863,11.5,130860,11.5,0
2023-04-12,11.699999809265137,12.149999618530273,10.975000381469727,11.449999809265137,32580,11.449999809265137,0
2023-04-13,11.25,12.600000381469727,11.25,12.449999809265137,45000,12.449999809265137,0
2023-04-14,12.75,22.299999237060547,12.5,15.550000190734863,601960,15.550000190734863,0
2023-04-17,16.0,16.399999618530273,14.050000190734863,14.75,83400,14.75,0
2023-04-18,13.75,13.75,12.5,13.25,55640,13.25,0
2023-04-19,13.149999618530273,13.850000381469727,11.649999618530273,13.800000190734863,43300,13.800000190734863,0
2023-04-20,13.5,15.75,13.175000190734863,14.949999809265137,81860,14.949999809265137,0
2023-04-21,14.399999618530273,14.600000381469727,12.5,12.850000381469727,44280,12.850000381469727,0
2023-04-24,12.699999809265137,13.270000457763672,12.050000190734863,12.25,30720,12.25,0
2023-04-25,12.050000190734863,12.649999618530273,11.050000190734863,11.300000190734863,21180,11.300000190734863,0
2023-04-26,11.100000381469727,11.449999809265137,10.649999618530273,11.050000190734863,20260,11.050000190734863,0
2023-04-27,10.949999809265137,11.0,9.899999618530273,10.25,28740,10.25,0
2023-04-28,9.899999618530273,10.0,9.25,9.550000190734863,30940,9.550000190734863,0
2023-05-01,9.75,10.75,9.699999809265137,10.5,22640,10.5,0
2023-05-02,10.399999618530273,14.0,10.0649995803833,13.600000381469727,171920,13.600000381469727,0
2023-05-03,11.949999809265137,12.449999809265137,11.0,11.300000190734863,43320,11.300000190734863,0
2023-05-04,11.699999809265137,11.850000381469727,10.800000190734863,11.0,17140,11.0,0
2023-05-05,11.050000190734863,12.0,10.75,11.300000190734863,23300,11.300000190734863,0
2023-05-08,11.550000190734863,11.949999809265137,11.100000381469727,11.350000381469727,10100,11.350000381469727,0
2023-05-09,11.699999809265137,11.75,10.5,10.600000381469727,17940,10.600000381469727,0
2023-05-10,10.5,11.199999809265137,10.100000381469727,10.350000381469727,16780,10.350000381469727,0
2023-05-11,10.649999618530273,10.699999809265137,10.050000190734863,10.149999618530273,11440,10.149999618530273,0
2023-05-12,10.399999618530273,10.430000305175781,9.5,10.0,11380,10.0,0
2023-05-15,10.0,10.199999809265137,9.699999809265137,10.050000190734863,7600,10.050000190734863,0
2023-05-16,9.800000190734863,10.274999618530273,9.699999809265137,10.0,5100,10.0,0
2023-05-17,11.300000190734863,12.199999809265137,8.90999984741211,10.0,1258500,10.0,0
2023-05-18,9.199999809265137,9.899999618530273,9.050000190734863,9.5,70260,9.5,0
2023-05-19,9.100000381469727,9.5,9.0,9.199999809265137,33720,9.199999809265137,0
2023-05-22,9.25,10.100000381469727,9.199999809265137,9.75,44140,9.75,0
2023-05-23,9.800000190734863,9.899999618530273,9.25,9.449999809265137,17960,9.449999809265137,0
2023-05-24,9.350000381469727,9.375,9.074999809265137,9.199999809265137,8620,9.199999809265137,0
2023-05-25,10.25,10.5,8.600000381469727,9.399999618530273,203760,9.399999618530273,0
2023-05-26,9.399999618530273,9.600000381469727,9.050000190734863,9.5,17040,9.5,0
2023-05-30,9.649999618530273,9.649999618530273,9.25,9.5,15780,9.5,0
2023-05-31,9.5,9.600000381469727,8.75,8.899999618530273,11520,8.899999618530273,0
2023-06-01,8.949999809265137,9.25,8.800000190734863,8.949999809265137,9180,8.949999809265137,0
2023-06-02,9.350000381469727,9.350000381469727,8.800000190734863,9.100000381469727,14420,9.100000381469727,0
2023-06-05,9.5,9.5,8.850000381469727,9.050000190734863,14220,9.050000190734863,0
2023-06-06,9.199999809265137,9.600000381469727,8.850000381469727,9.100000381469727,30420,9.100000381469727,0
2023-06-07,9.199999809265137,9.399999618530273,8.899999618530273,9.050000190734863,8680,9.050000190734863,0
2023-06-08,9.0,9.25,8.899999618530273,9.25,11580,9.25,0
2023-06-09,9.300000190734863,9.449999809265137,8.899999618530273,9.25,14200,9.25,0
2023-06-12,9.050000190734863,11.0,8.899999618530273,9.800000190734863,102640,9.800000190734863,0
2023-06-13,9.75,9.949999809265137,7.849999904632568,8.550000190734863,62760,8.550000190734863,0
2023-06-14,8.649999618530273,9.0,8.25,8.850000381469727,27080,8.850000381469727,0
2023-06-15,8.800000190734863,8.800000190734863,8.199999809265137,8.600000381469727,12160,8.600000381469727,0
2023-06-16,8.699999809265137,8.850000381469727,8.5,8.649999618530273,12100,8.649999618530273,0
2023-06-20,8.5,8.899999618530273,8.449999809265137,8.800000190734863,14980,8.800000190734863,0
2023-06-21,9.25,9.949999809265137,8.550000190734863,9.25,977160,9.25,0
2023-06-22,8.550000190734863,8.630000114440918,7.650000095367432,8.25,60940,8.25,0
2023-06-23,7.900000095367432,8.149999618530273,7.699999809265137,7.699999809265137,56000,7.699999809265137,0
2023-06-26,7.699999809265137,7.920000076293945,7.150000095367432,7.449999809265137,18780,7.449999809265137,0
2023-06-27,7.5,7.650000095367432,7.199999809265137,7.349999904632568,17020,7.349999904632568,0
2023-06-28,7.449999809265137,7.474999904632568,7.199999809265137,7.25,11860,7.25,0
2023-06-29,7.150000095367432,7.5,7.0,7.150000095367432,11000,7.150000095367432,0
2023-06-30,7.199999809265137,7.800000190734863,7.050000190734863,7.050000190734863,25580,7.050000190734863,0
2023-07-03,7.150000095367432,7.650000095367432,7.150000095367432,7.150000095367432,19480,7.150000095367432,0
2023-07-05,7.25,7.300000190734863,6.75,6.949999809265137,32240,6.949999809265137,0
2023-07-06,7.150000095367432,7.150000095367432,6.599999904632568,6.650000095367432,9940,6.650000095367432,0
2023-07-07,6.849999904632568,7.099999904632568,6.574999809265137,6.800000190734863,20840,6.800000190734863,0
2023-07-10,6.75,7.5,6.724999904632568,7.099999904632568,34960,7.099999904632568,0
2023-07-11,7.199999809265137,7.239999771118164,6.900000095367432,6.949999809265137,15700,6.949999809265137,0
2023-07-12,7.300000190734863,7.5,7.050000190734863,7.449999809265137,129600,7.449999809265137,0
2023-07-13,7.699999809265137,9.149999618530273,7.650000095367432,8.100000381469727,150700,8.100000381469727,0
2023-07-14,7.949999809265137,8.0,7.349999904632568,7.550000190734863,32500,7.550000190734863,0
2023-07-17,7.599999904632568,8.100000381469727,7.400000095367432,8.0,32400,8.0,0
2023-07-18,8.0,8.100000381469727,7.599999904632568,7.900000095367432,6820,7.900000095367432,0
2023-07-19,7.949999809265137,7.949999809265137,7.550000190734863,7.550000190734863,11240,7.550000190734863,0
2023-07-20,7.75,7.75,7.25,7.550000190734863,14780,7.550000190734863,0
2023-07-21,7.699999809265137,7.699999809265137,7.150000095367432,7.5,10980,7.5,0
2023-07-24,7.5,8.734999656677246,7.349999904632568,8.350000381469727,136200,8.350000381469727,0
2023-07-25,8.449999809265137,8.449999809265137,7.400000095367432,7.599999904632568,33140,7.599999904632568,0
2023-07-26,7.599999904632568,8.050000190734863,7.400000095367432,7.75,12600,7.75,0
2023-07-27,7.699999809265137,8.300000190734863,7.5,7.699999809265137,25260,7.699999809265137,0
2023-07-28,7.849999904632568,7.949999809265137,6.949999809265137,7.25,37600,7.25,0
2023-07-31,7.199999809265137,7.5,6.5,7.0,33940,7.0,0
2023-08-01,6.800000190734863,7.28000020980835,6.800000190734863,7.099999904632568,7560,7.099999904632568,0
2023-08-02,6.949999809265137,7.199999809265137,6.949999809265137,7.0,8660,7.0,0
2023-08-03,7.099999904632568,7.099999904632568,6.800000190734863,6.849999904632568,6260,6.849999904632568,0
2023-08-04,6.949999809265137,6.949999809265137,6.75,6.75,8040,6.75,0
2023-08-07,6.75,6.849999904632568,6.449999809265137,6.449999809265137,8760,6.449999809265137,0
2023-08-08,6.349999904632568,6.449999809265137,6.050000190734863,6.349999904632568,13020,6.349999904632568,0
2023-08-09,6.199999809265137,6.449999809265137,6.199999809265137,6.300000190734863,3880,6.300000190734863,0
2023-08-10,6.260000228881836,6.449999809265137,6.0,6.099999904632568,7560,6.099999904632568,0
2023-08-11,5.900000095367432,5.914999961853027,5.300000190734863,5.349999904632568,21900,5.349999904632568,0
2023-08-14,5.5,5.550000190734863,5.150000095367432,5.400000095367432,5620,5.400000095367432,0
2023-08-15,5.449999809265137,5.449999809265137,5.050000190734863,5.300000190734863,5260,5.300000190734863,0
2023-08-16,6.0,8.199999809265137,4.300000190734863,4.494999885559082,5105560,4.494999885559082,0
2023-08-17,4.449999809265137,4.489999771118164,3.5,3.700000047683716,187260,3.700000047683716,0
2023-08-18,3.244999885559082,3.700000047683716,3.1500000953674316,3.6050000190734863,84440,3.6050000190734863,0
2023-08-21,3.575000047683716,3.634999990463257,3.4000000953674316,3.5250000953674316,26220,3.5250000953674316,0
2023-08-22,3.505000114440918,3.5999999046325684,3.375,3.5250000953674316,19260,3.5250000953674316,0
2023-08-23,3.4549999237060547,3.5999999046325684,3.25,3.555000066757202,48620,3.555000066757202,0
2023-08-24,3.450000047683716,3.5,3.200000047683716,3.299999952316284,29820,3.299999952316284,0
2023-08-25,3.255000114440918,3.2750000953674316,3.0250000953674316,3.200000047683716,16140,3.200000047683716,0
2023-08-28,3.200000047683716,3.3499999046325684,3.119999885559082,3.3450000286102295,19560,3.3450000286102295,0
2023-08-29,3.2049999237060547,3.494999885559082,3.1500000953674316,3.4000000953674316,40820,3.4000000953674316,0
2023-08-30,3.434999942779541,3.434999942779541,3.25,3.255000114440918,14600,3.255000114440918,0
2023-08-31,3.384999990463257,3.384999990463257,3.0999999046325684,3.25,11380,3.25,0
2023-09-01,3.25,3.299999952316284,3.1649999618530273,3.2100000381469727,7360,3.2100000381469727,0
2023-09-05,3.2950000762939453,3.2950000762939453,3.055000066757202,3.125,11960,3.125,0
2023-09-06,3.1500000953674316,3.5,3.0799999237060547,3.3499999046325684,106000,3.3499999046325684,0
2023-09-07,3.365000009536743,4.150000095367432,3.0999999046325684,3.994999885559082,240600,3.994999885559082,0
2023-09-08,3.6700000762939453,3.700000047683716,3.2049999237060547,3.390000104904175,56620,3.390000104904175,0
2023-09-11,3.4649999141693115,4.75,3.3499999046325684,4.599999904632568,442000,4.599999904632568,0
2023-09-12,3.890000104904175,3.9100000858306885,3.5,3.6500000953674316,134760,3.6500000953674316,0
2023-09-13,3.5399999618530273,3.575000047683716,3.25,3.494999885559082,38640,3.494999885559082,0
2023-09-14,3.3499999046325684,3.5899999141693115,3.3499999046325684,3.505000114440918,32500,3.505000114440918,0
2023-09-15,3.5,3.5,3.174999952316284,3.365000009536743,36700,3.365000009536743,0
2023-09-18,3.430000066757202,3.430000066757202,3.0999999046325684,3.184999942779541,11360,3.184999942779541,0
2023-09-19,3.3499999046325684,3.3499999046325684,3.049999952316284,3.1500000953674316,12880,3.1500000953674316,0
2023-09-20,3.0999999046325684,3.194999933242798,3.055000066757202,3.1600000858306885,10140,3.1600000858306885,0
2023-09-21,3.055000066757202,3.174999952316284,3.0,3.1600000858306885,13960,3.1600000858306885,0
2023-09-22,3.1500000953674316,3.194999933242798,3.0,3.049999952316284,21460,3.049999952316284,0
2023-09-25,3.0,3.1449999809265137,2.950000047683716,3.005000114440918,4300,3.005000114440918,0
2023-09-26,3.0999999046325684,3.0999999046325684,2.9549999237060547,3.0450000762939453,8960,3.0450000762939453,0
2023-09-27,2.944999933242798,3.0850000381469727,2.859999895095825,2.9000000953674316,10800,2.9000000953674316,0
2023-09-28,3.0350000858306885,3.0350000858306885,2.755000114440918,2.9549999237060547,15300,2.9549999237060547,0
2023-09-29,2.9149999618530273,2.9800000190734863,2.799999952316284,2.815000057220459,10860,2.815000057220459,0
2023-10-02,2.799999952316284,2.950000047683716,2.6500000953674316,2.674999952316284,13840,2.674999952316284,0
2023-10-03,2.640000104904175,2.700000047683716,2.549999952316284,2.6500000953674316,11020,2.6500000953674316,0
2023-10-04,2.640000104904175,2.700000047683716,2.5,2.549999952316284,13880,2.549999952316284,0
2023-10-05,2.5250000953674316,2.6449999809265137,2.375,2.424999952316284,16340,2.424999952316284,0
2023-10-06,2.4200000762939453,2.5,2.25,2.424999952316284,10440,2.424999952316284,0
2023-10-09,2.375,2.490000009536743,2.25,2.3499999046325684,8880,2.3499999046325684,0
2023-10-10,2.4049999713897705,2.444999933242798,2.1500000953674316,2.384999990463257,14860,2.384999990463257,0
2023-10-11,2.384999990463257,2.390000104904175,2.174999952316284,2.255000114440918,15680,2.255000114440918,0
2023-10-12,2.4000000953674316,2.444999933242798,2.2300000190734863,2.3350000381469727,11420,2.3350000381469727,0
2023-10-13,2.4000000953674316,4.0,2.240000009536743,3.0999999046325684,136400,3.0999999046325684,0
2023-10-16,2.8499999046325684,3.0999999046325684,2.75,2.950000047683716,15280,2.950000047683716,0
2023-10-17,2.950000047683716,2.950000047683716,2.200000047683716,2.494999885559082,30000,2.494999885559082,0
2023-10-18,2.619999885559082,2.875,2.549999952316284,2.819999933242798,11960,2.819999933242798,0
2023-10-19,2.8399999141693115,2.8399999141693115,2.559999942779541,2.559999942779541,14560,2.559999942779541,0
2023-10-20,2.75,2.75,2.5,2.5,8520,2.5,0
2023-10-23,2.6600000858306885,2.8450000286102295,2.549999952316284,2.634999990463257,11640,2.634999990463257,0
2023-10-24,2.549999952316284,3.0450000762939453,2.549999952316284,2.559999942779541,119940,2.559999942779541,0
2023-10-25,2.6500000953674316,2.6500000953674316,2.200000047683716,2.244999885559082,36460,2.244999885559082,0
2023-10-26,2.25,2.5999999046325684,2.1500000953674316,2.3949999809265137,29000,2.3949999809265137,0
2023-10-27,2.4149999618530273,2.424999952316284,2.244999885559082,2.3399999141693115,5300,2.3399999141693115,0
2023-10-30,2.4549999237060547,2.4549999237060547,2.255000114440918,2.3499999046325684,14360,2.3499999046325684,0
2023-10-31,2.450000047683716,2.450000047683716,2.200000047683716,2.430000066757202,8220,2.430000066757202,0
2023-11-01,2.424999952316284,2.5450000762939453,2.299999952316284,2.494999885559082,4640,2.494999885559082,0
2023-11-02,2.505000114440918,2.744999885559082,2.505000114440918,2.6500000953674316,15700,2.6500000953674316,0
2023-11-03,2.75,2.75,2.4600000381469727,2.6449999809265137,5680,2.6449999809265137,0
2023-11-06,2.75,2.9149999618530273,2.7149999141693115,2.75,14560,2.75,0
2023-11-07,2.8399999141693115,2.890000104904175,2.75,2.7899999618530273,3940,2.7899999618530273,0
2023-11-08,2.8499999046325684,2.890000104904175,2.5999999046325684,2.8450000286102295,10560,2.8450000286102295,0
2023-11-09,2.799999952316284,2.799999952316284,2.5999999046325684,2.680000066757202,7580,2.680000066757202,0
2023-11-10,2.680000066757202,2.680000066757202,2.450000047683716,2.5999999046325684,6060,2.5999999046325684,0
2023-11-13,2.700000047683716,2.744999885559082,2.450000047683716,2.6500000953674316,3840,2.6500000953674316,0
2023-11-14,2.700000047683716,2.75,2.4749999046325684,2.5250000953674316,10880,2.5250000953674316,0
2023-11-15,2.75,2.75,2.5,2.7249999046325684,10800,2.7249999046325684,0
2023-11-16,2.700000047683716,2.7149999141693115,2.5799999237060547,2.700000047683716,5380,2.700000047683716,0
2023-11-17,2.700000047683716,2.990000009536743,2.609999895095825,2.944999933242798,16400,2.944999933242798,0
2023-11-20,2.9749999046325684,2.9749999046325684,2.75,2.9000000953674316,13340,2.9000000953674316,0
2023-11-21,2.9000000953674316,2.990000009536743,2.8499999046325684,2.9000000953674316,5560,2.9000000953674316,0
2023-11-22,2.990000009536743,3.0950000286102295,2.869999885559082,3.075000047683716,17060,3.075000047683716,0
2023-11-24,2.950000047683716,3.0950000286102295,2.950000047683716,3.0950000286102295,3700,3.0950000286102295,0
2023-11-27,3.0,3.4000000953674316,3.0,3.234999895095825,37940,3.234999895095825,0
2023-11-28,3.5,3.5250000953674316,3.255000114440918,3.390000104904175,24140,3.390000104904175,0
2023-11-29,3.450000047683716,3.6500000953674316,3.305000066757202,3.5999999046325684,18180,3.5999999046325684,0
2023-11-30,3.7300000190734863,3.7300000190734863,2.9000000953674316,3.0999999046325684,28860,3.0999999046325684,0
2023-12-01,2.9000000953674316,3.200000047683716,2.9000000953674316,3.049999952316284,8040,3.049999952316284,0
2023-12-04,3.299999952316284,3.3499999046325684,3.055000066757202,3.200000047683716,19540,3.200000047683716,0
2023-12-05,3.1500000953674316,3.4000000953674316,3.0250000953674316,3.25,7080,3.25,0
2023-12-06,3.1700000762939453,3.25,3.049999952316284,3.25,6940,3.25,0
2023-12-07,3.200000047683716,3.25,3.0799999237060547,3.1649999618530273,2540,3.1649999618530273,0
2023-12-08,3.130000114440918,3.25,3.0999999046325684,3.0999999046325684,6500,3.0999999046325684,0
2023-12-11,3.0999999046325684,3.4000000953674316,3.0999999046325684,3.2049999237060547,5820,3.2049999237060547,0
2023-12-12,3.200000047683716,3.2049999237060547,3.0950000286102295,3.1500000953674316,4040,3.1500000953674316,0
2023-12-13,3.1500000953674316,3.180000066757202,2.8550000190734863,2.9200000762939453,9780,2.9200000762939453,0
2023-12-14,3.005000114440918,3.1500000953674316,2.799999952316284,2.9149999618530273,8640,2.9149999618530273,0
2023-12-15,2.8499999046325684,3.049999952316284,2.8450000286102295,2.8499999046325684,12020,2.8499999046325684,0
2023-12-18,2.8450000286102295,2.8499999046325684,2.549999952316284,2.700000047683716,14640,2.700000047683716,0
2023-12-19,2.549999952316284,2.690000057220459,2.200000047683716,2.450000047683716,18640,2.450000047683716,0
2023-12-20,2.5999999046325684,2.634999990463257,2.3350000381469727,2.484999895095825,6360,2.484999895095825,0
2023-12-21,2.505000114440918,2.5999999046325684,2.4000000953674316,2.4549999237060547,10140,2.4549999237060547,0
2023-12-22,2.5,2.5250000953674316,2.3499999046325684,2.4049999713897705,11200,2.4049999713897705,0
2023-12-26,2.3499999046325684,2.494999885559082,2.305000066757202,2.4149999618530273,12620,2.4149999618530273,0
2023-12-27,2.450000047683716,2.9749999046325684,2.4000000953674316,2.75,45540,2.75,0
2023-12-28,2.740000009536743,2.8499999046325684,2.559999942779541,2.8450000286102295,19340,2.8450000286102295,0
2023-12-29,2.759999990463257,2.9000000953674316,2.565000057220459,2.569999933242798,11820,2.569999933242798,0
2024-01-02,2.7850000858306885,2.8399999141693115,2.505000114440918,2.505000114440918,9700,2.505000114440918,0
2024-01-03,2.5450000762939453,2.8499999046325684,2.505000114440918,2.625,4640,2.625,0
2024-01-04,2.6500000953674316,2.75,2.4800000190734863,2.5999999046325684,5540,2.5999999046325684,0
2024-01-05,2.680000066757202,2.680000066757202,2.505000114440918,2.505000114440918,7440,2.505000114440918,0
2024-01-08,2.5399999618530273,2.75,2.4049999713897705,2.630000114440918,22520,2.630000114440918,0
2024-01-09,2.630000114440918,2.630000114440918,2.4100000858306885,2.450000047683716,9900,2.450000047683716,0
2024-01-10,2.4549999237060547,2.4749999046325684,2.299999952316284,2.3499999046325684,64980,2.3499999046325684,0
2024-01-11,2.549999952316284,3.4149999618530273,2.5350000858306885,2.799999952316284,576660,2.799999952316284,0
2024-01-12,2.549999952316284,2.9000000953674316,2.549999952316284,2.6700000762939453,58240,2.6700000762939453,0
2024-01-16,2.700000047683716,2.700000047683716,2.3499999046325684,2.4200000762939453,20180,2.4200000762939453,0
2024-01-17,2.4000000953674316,2.5399999618530273,2.200000047683716,2.2699999809265137,27460,2.2699999809265137,0
2024-01-18,2.3350000381469727,2.444999933242798,2.25,2.3499999046325684,11960,2.3499999046325684,0
2024-01-19,2.2899999618530273,2.4000000953674316,2.1649999618530273,2.255000114440918,39440,2.255000114440918,0
2024-01-22,2.509999990463257,3.3499999046325684,2.3550000190734863,3.25,1631780,3.25,0
2024-01-23,3.25,3.6500000953674316,2.9049999713897705,3.3550000190734863,230080,3.3550000190734863,0
2024-01-24,3.265000104904175,3.5,2.9649999141693115,3.319999933242798,58480,3.319999933242798,0
2024-01-25,3.299999952316284,3.4149999618530273,3.055000066757202,3.3499999046325684,22080,3.3499999046325684,0
2024-01-26,3.244999885559082,3.4149999618530273,3.005000114440918,3.0999999046325684,36680,3.0999999046325684,0
2024-01-29,3.1500000953674316,3.244999885559082,3.0,3.174999952316284,22020,3.174999952316284,0
2024-01-30,3.174999952316284,3.25,3.049999952316284,3.049999952316284,10220,3.049999952316284,0
2024-01-31,3.115000009536743,3.200000047683716,3.049999952316284,3.1050000190734863,6720,3.1050000190734863,0
2024-02-01,3.0999999046325684,3.0999999046325684,2.805000066757202,2.944999933242798,30080,2.944999933242798,0
2024-02-02,2.8550000190734863,2.9649999141693115,2.799999952316284,2.9000000953674316,5160,2.9000000953674316,0
2024-02-05,2.990000009536743,2.990000009536743,2.6050000190734863,2.8499999046325684,16080,2.8499999046325684,0
2024-02-06,2.875,2.9000000953674316,2.7149999141693115,2.799999952316284,8660,2.799999952316284,0
2024-02-07,2.799999952316284,2.8499999046325684,2.700000047683716,2.7699999809265137,6080,2.7699999809265137,0
2024-02-08,2.7049999237060547,3.065000057220459,2.7049999237060547,2.809999942779541,10460,2.809999942779541,0
2024-02-09,3.049999952316284,3.365000009536743,2.7850000858306885,3.0999999046325684,55700,3.0999999046325684,0
2024-02-12,3.0999999046325684,3.4000000953674316,2.890000104904175,3.299999952316284,36840,3.299999952316284,0
2024-02-13,3.174999952316284,3.3299999237060547,3.119999885559082,3.265000104904175,10160,3.265000104904175,0
2024-02-14,3.2300000190734863,3.450000047683716,3.1700000762939453,3.3450000286102295,24400,3.3450000286102295,0
2024-02-15,3.234999895095825,3.609999895095825,3.234999895095825,3.5450000762939453,73080,3.5450000762939453,0
2024-02-16,3.549999952316284,3.609999895095825,3.5,3.609999895095825,63300,3.609999895095825,0
2024-02-20,3.6050000190734863,3.6050000190734863,3.25,3.4149999618530273,15920,3.4149999618530273,0
2024-02-21,3.549999952316284,3.6050000190734863,3.325000047683716,3.6050000190734863,17400,3.6050000190734863,0
2024-02-22,3.6050000190734863,3.6050000190734863,3.4000000953674316,3.450000047683716,18100,3.450000047683716,0
2024-02-23,3.4000000953674316,3.5399999618530273,2.940000057220459,3.075000047683716,32340,3.075000047683716,0
2024-02-26,3.075000047683716,3.2950000762939453,3.075000047683716,3.125,57280,3.125,0
2024-02-27,3.125,3.440000057220459,3.0299999713897705,3.234999895095825,33500,3.234999895095825,0
2024-02-28,3.4000000953674316,3.450000047683716,3.1500000953674316,3.3499999046325684,24860,3.3499999046325684,0
2024-02-29,3.25,3.359999895095825,3.119999885559082,3.200000047683716,11940,3.200000047683716,0
2024-03-01,3.240000009536743,3.450000047683716,3.174999952316284,3.25,22880,3.25,0
2024-03-04,3.365000009536743,3.365000009536743,3.1600000858306885,3.25,26980,3.25,0
2024-03-05,3.2049999237060547,3.319999933242798,3.1549999713897705,3.1549999713897705,27260,3.1549999713897705,0
2024-03-06,3.2049999237060547,3.2750000953674316,3.115000009536743,3.200000047683716,8640,3.200000047683716,0
2024-03-07,3.1500000953674316,3.25,3.1500000953674316,3.25,12040,3.25,0
2024-03-08,3.3550000190734863,3.799999952316284,3.25,3.799999952316284,257380,3.799999952316284,0
2024-03-11,3.7249999046325684,3.7950000762939453,3.4000000953674316,3.6549999713897705,76420,3.6549999713897705,0
2024-03-12,3.7249999046325684,3.7249999046325684,3.509999990463257,3.634999990463257,28420,3.634999990463257,0
2024-03-13,3.575000047683716,3.819999933242798,3.25,3.5299999713897705,66820,3.5299999713897705,0
2024-03-14,3.549999952316284,3.549999952316284,3.315000057220459,3.315000057220459,10540,3.315000057220459,0
2024-03-15,3.240000009536743,4.25,3.180000066757202,4.050000190734863,92380,4.050000190734863,0
2024-03-18,4.09499979019165,4.494999885559082,3.990000009536743,4.150000095367432,66460,4.150000095367432,0
2024-03-19,4.195000171661377,4.195000171661377,3.7899999618530273,3.9000000953674316,18760,3.9000000953674316,0
2024-03-20,3.9000000953674316,4.159999847412109,3.549999952316284,3.6549999713897705,32800,3.6549999713897705,0
2024-03-21,3.8399999141693115,3.8450000286102295,3.75,3.8450000286102295,10200,3.8450000286102295,0
2024-03-22,3.8499999046325684,3.8499999046325684,3.549999952316284,3.6500000953674316,19000,3.6500000953674316,0
2024-03-25,3.700000047683716,3.9700000286102295,3.700000047683716,3.890000104904175,18340,3.890000104904175,0
2024-03-26,3.934999942779541,3.934999942779541,3.75,3.9000000953674316,14060,3.9000000953674316,0
2024-03-27,3.815000057220459,3.9700000286102295,3.7049999237060547,3.950000047683716,15280,3.950000047683716,0
2024-03-28,3.9000000953674316,4.300000190734863,3.8299999237060547,3.9600000381469727,31580,3.9600000381469727,0
2024-04-01,4.159999847412109,4.224999904632568,3.865000009536743,3.924999952316284,10060,3.924999952316284,0
2024-04-02,3.994999885559082,4.0,3.799999952316284,3.994999885559082,29320,3.994999885559082,0
2024-04-03,4.0,4.150000095367432,3.805000066757202,4.110000133514404,19120,4.110000133514404,0
2024-04-04,4.099999904632568,4.494999885559082,3.9000000953674316,4.300000190734863,35160,4.300000190734863,0
2024-04-05,4.25,4.25,4.130000114440918,4.175000190734863,11840,4.175000190734863,0
2024-04-08,4.25,4.25,4.0,4.099999904632568,13120,4.099999904632568,0
2024-04-09,4.059999942779541,4.184999942779541,3.8499999046325684,3.884999990463257,14240,3.884999990463257,0
2024-04-10,3.9000000953674316,4.0,3.875,3.950000047683716,12380,3.950000047683716,0
2024-04-11,3.9749999046325684,4.0,3.799999952316284,3.924999952316284,7620,3.924999952316284,0
2024-04-12,3.805000066757202,4.0,3.700000047683716,3.8499999046325684,15680,3.8499999046325684,0
2024-04-15,3.744999885559082,3.9149999618530273,3.3949999809265137,3.549999952316284,37140,3.549999952316284,0
2024-04-16,3.690000057220459,3.8949999809265137,3.615000009536743,3.7300000190734863,26340,3.7300000190734863,0
2024-04-17,3.9000000953674316,4.0,3.375,3.375,71960,3.375,0
2024-04-18,3.4000000953674316,3.4000000953674316,3.200000047683716,3.234999895095825,22960,3.234999895095825,0
2024-04-19,3.3450000286102295,3.4000000953674316,3.049999952316284,3.059999942779541,18420,3.059999942779541,0
2024-04-22,3.140000104904175,3.2100000381469727,3.009999990463257,3.075000047683716,12880,3.075000047683716,0
2024-04-23,3.059999942779541,3.240000009536743,2.9549999237060547,3.1050000190734863,15780,3.1050000190734863,0
2024-04-24,3.015000104904175,3.2149999141693115,3.0,3.049999952316284,9220,3.049999952316284,0
2024-04-25,2.990000009536743,3.005000114440918,2.8450000286102295,2.869999885559082,16540,2.869999885559082,0
2024-04-26,2.8499999046325684,3.0,2.5999999046325684,2.9049999713897705,48960,2.9049999713897705,0
2024-04-29,2.9000000953674316,2.950000047683716,2.7049999237060547,2.8499999046325684,20560,2.8499999046325684,0
2024-04-30,2.9000000953674316,2.934999942779541,2.6500000953674316,2.694999933242798,20020,2.694999933242798,0
2024-05-01,2.700000047683716,2.7899999618530273,2.575000047683716,2.7899999618530273,17000,2.7899999618530273,0
2024-05-02,2.6500000953674316,2.924999952316284,2.6050000190734863,2.8499999046325684,26500,2.8499999046325684,0
2024-05-03,2.819999933242798,2.9000000953674316,2.759999990463257,2.819999933242798,4500,2.819999933242798,0
2024-05-06,2.744999885559082,2.9000000953674316,2.744999885559082,2.805000066757202,8300,2.805000066757202,0
2024-05-07,2.8350000381469727,2.9000000953674316,2.744999885559082,2.755000114440918,9520,2.755000114440918,0
2024-05-08,2.7049999237060547,2.8949999809265137,2.6500000953674316,2.869999885559082,3600,2.869999885559082,0
2024-05-09,2.930000066757202,3.200000047683716,2.7249999046325684,3.015000104904175,18780,3.015000104904175,0
2024-05-10,3.194999933242798,3.299999952316284,3.0,3.2249999046325684,24480,3.2249999046325684,0
2024-05-13,3.2300000190734863,3.390000104904175,3.2249999046325684,3.390000104904175,12680,3.390000104904175,0
2024-05-14,3.194999933242798,3.390000104904175,3.0999999046325684,3.309999942779541,13260,3.309999942779541,0
2024-05-15,3.25,3.309999942779541,3.1549999713897705,3.259999990463257,4700,3.259999990463257,0
2024-05-16,3.1050000190734863,3.490000009536743,3.1050000190734863,3.3499999046325684,21120,3.3499999046325684,0
2024-05-17,3.299999952316284,3.490000009536743,3.299999952316284,3.4049999713897705,20160,3.4049999713897705,0
2024-05-20,3.4649999141693115,3.490000009536743,3.2249999046325684,3.380000114440918,4640,3.380000114440918,0
2024-05-21,3.3450000286102295,3.450000047683716,3.25,3.4000000953674316,2220,3.4000000953674316,0
2024-05-22,3.3450000286102295,3.3499999046325684,3.1649999618530273,3.3399999141693115,11100,3.3399999141693115,0
2024-05-23,3.2699999809265137,3.3499999046325684,3.200000047683716,3.3499999046325684,7600,3.3499999046325684,0
2024-05-24,3.259999990463257,3.3499999046325684,3.259999990463257,3.3450000286102295,5200,3.3450000286102295,0
2024-05-28,3.1600000858306885,3.3350000381469727,3.049999952316284,3.055000066757202,23700,3.055000066757202,0
2024-05-29,3.049999952316284,3.200000047683716,3.049999952316284,3.059999942779541,14400,3.059999942779541,0
2024-05-30,3.049999952316284,3.200000047683716,2.7699999809265137,2.865000009536743,28620,2.865000009536743,0
2024-05-31,3.0,3.0999999046325684,2.755000114440918,2.944999933242798,30620,2.944999933242798,0
2024-06-03,3.0950000286102295,3.0999999046325684,2.819999933242798,2.990000009536743,6600,2.990000009536743,0
2024-06-04,2.8299999237060547,3.0999999046325684,2.8299999237060547,2.9149999618530273,9400,2.9149999618530273,0
2024-06-05,2.880000114440918,3.0450000762939453,2.509999990463257,2.8299999237060547,19320,2.8299999237060547,0
2024-06-06,2.799999952316284,2.799999952316284,2.734999895095825,2.799999952316284,7580,2.799999952316284,0
2024-06-07,2.799999952316284,3.0799999237060547,2.4800000190734863,2.8499999046325684,68760,2.8499999046325684,0
2024-06-10,2.740000009536743,2.75,2.5899999141693115,2.694999933242798,15020,2.694999933242798,0
2024-06-11,2.690000057220459,2.7950000762939453,2.549999952316284,2.5999999046325684,12980,2.5999999046325684,0
2024-06-12,2.5999999046325684,2.700000047683716,2.5299999713897705,2.625,4820,2.625,0
2024-06-13,2.549999952316284,2.625,2.305000066757202,2.5950000286102295,37980,2.5950000286102295,0
2024-06-14,2.505000114440918,2.6500000953674316,2.3550000190734863,2.450000047683716,69880,2.450000047683716,0
2024-06-17,2.4649999141693115,2.5899999141693115,2.4000000953674316,2.5,29520,2.5,0
2024-06-18,2.424999952316284,2.450000047683716,2.1649999618530273,2.200000047683716,43660,2.200000047683716,0
2024-06-20,2.200000047683716,2.625,2.200000047683716,2.569999933242798,41460,2.569999933242798,0
2024-06-21,2.549999952316284,2.640000104904175,2.4549999237060547,2.634999990463257,22460,2.634999990463257,0
2024-06-24,2.555000066757202,2.5999999046325684,2.4649999141693115,2.5999999046325684,11220,2.5999999046325684,0
2024-06-25,2.4800000190734863,2.555000066757202,2.309999942779541,2.450000047683716,40740,2.450000047683716,0
2024-06-26,2.440000057220459,2.440000057220459,2.3499999046325684,2.430000066757202,5100,2.430000066757202,0
2024-06-27,2.4200000762939453,2.450000047683716,2.2850000858306885,2.3499999046325684,30260,2.3499999046325684,0
2024-06-28,2.3450000286102295,2.444999933242798,2.234999895095825,2.2899999618530273,4960,2.2899999618530273,0
2024-07-01,2.365000009536743,2.450000047683716,2.2049999237060547,2.244999885559082,23040,2.244999885559082,0
2024-07-02,2.200000047683716,2.299999952316284,2.184999942779541,2.299999952316284,8780,2.299999952316284,0
2024-07-03,2.255000114440918,2.450000047683716,2.2200000286102295,2.3499999046325684,8020,2.3499999046325684,0
2024-07-05,2.2200000286102295,2.450000047683716,2.2200000286102295,2.375,22760,2.375,0
2024-07-08,2.375,2.450000047683716,2.319999933242798,2.4000000953674316,12560,2.4000000953674316,0
2024-07-09,2.3299999237060547,2.4000000953674316,2.259999990463257,2.2750000953674316,11820,2.2750000953674316,0
2024-07-10,2.2750000953674316,2.4000000953674316,2.2049999237060547,2.299999952316284,15100,2.299999952316284,0
2024-07-11,2.315000057220459,2.4000000953674316,2.25,2.3350000381469727,13400,2.3350000381469727,0
2024-07-12,2.319999933242798,2.700000047683716,2.299999952316284,2.559999942779541,96140,2.559999942779541,0
2024-07-15,2.5999999046325684,2.6500000953674316,2.3499999046325684,2.6050000190734863,28880,2.6050000190734863,0
2024-07-16,2.6500000953674316,2.825000047683716,2.5,2.634999990463257,235620,2.634999990463257,0
2024-07-17,2.2899999618530273,2.4649999141693115,2.255000114440918,2.375,48100,2.375,0
2024-07-18,2.305000066757202,2.375,2.259999990463257,2.299999952316284,34200,2.299999952316284,0
2024-07-19,2.2799999713897705,2.375,2.259999990463257,2.359999895095825,18980,2.359999895095825,0
2024-07-22,2.309999942779541,2.5999999046325684,2.299999952316284,2.5899999141693115,80200,2.5899999141693115,0
2024-07-23,2.8450000286102295,2.8499999046325684,1.7050000429153442,2.055000066757202,1111800,2.055000066757202,0
2024-07-24,1.9500000476837158,2.055000066757202,1.7599999904632568,1.8700000047683716,108620,1.8700000047683716,0
2024-07-25,1.815000057220459,1.9500000476837158,1.7999999523162842,1.8849999904632568,32660,1.8849999904632568,0
2024-07-26,1.9199999570846558,1.9900000095367432,1.850000023841858,1.9299999475479126,40360,1.9299999475479126,0
2024-07-29,1.9500000476837158,1.9550000429153442,1.8650000095367432,1.8849999904632568,18420,1.8849999904632568,0
2024-07-30,1.850000023841858,1.8849999904632568,1.7649999856948853,1.784999966621399,19960,1.784999966621399,0
2024-07-31,1.809999942779541,1.809999942779541,1.5800000429153442,1.6399999856948853,59760,1.6399999856948853,0
2024-08-01,1.649999976158142,1.7200000286102295,1.600000023841858,1.659999966621399,32840,1.659999966621399,0
2024-08-02,1.5499999523162842,1.659999966621399,1.350000023841858,1.4299999475479126,80360,1.4299999475479126,0
2024-08-05,1.315000057220459,1.4199999570846558,1.2699999809265137,1.3700000047683716,64480,1.3700000047683716,0
2024-08-06,1.3899999856948853,1.4249999523162842,1.2999999523162842,1.3550000190734863,32240,1.3550000190734863,0
2024-08-07,1.409999966621399,1.4450000524520874,1.309999942779541,1.3300000429153442,32220,1.3300000429153442,0
2024-08-08,1.3600000143051147,1.399999976158142,1.2599999904632568,1.2599999904632568,24720,1.2599999904632568,0
2024-08-09,1.2699999809265137,1.3200000524520874,1.2599999904632568,1.3200000524520874,21380,1.3200000524520874,0
2024-08-12,1.3200000524520874,1.399999976158142,1.2999999523162842,1.3899999856948853,19520,1.3899999856948853,0
2024-08-13,1.3450000286102295,1.3949999809265137,1.3200000524520874,1.375,17920,1.375,0
2024-08-14,1.3949999809265137,1.4450000524520874,1.3300000429153442,1.3350000381469727,19780,1.3350000381469727,0
2024-08-15,1.3200000524520874,1.4249999523162842,1.3200000524520874,1.3899999856948853,29220,1.3899999856948853,0
2024-08-16,1.4800000190734863,1.7699999809265137,1.3200000524520874,1.6299999952316284,275700,1.6299999952316284,0
2024-08-19,1.6299999952316284,1.8799999952316284,1.590000033378601,1.7599999904632568,176500,1.7599999904632568,0
2024-08-20,1.7699999809265137,1.8600000143051147,1.6699999570846558,1.7999999523162842,67700,1.7999999523162842,0
2024-08-21,1.7799999713897705,1.8700000047683716,1.7200000286102295,1.75,31000,1.75,0
2024-08-22,1.75,1.850000023841858,1.7200000286102295,1.8200000524520874,43400,1.8200000524520874,0
2024-08-23,1.7999999523162842,1.840000033378601,1.718999981880188,1.7979999780654907,28900,1.7979999780654907,0
2024-08-26,1.7799999713897705,1.940000057220459,1.75,1.940000057220459,24500,1.940000057220459,0
2024-08-27,1.940000057220459,1.9700000286102295,1.8899999856948853,1.899999976158142,12600,1.899999976158142,0
2024-08-28,1.8700000047683716,1.9140000343322754,1.8200000524520874,1.8450000286102295,11000,1.8450000286102295,0
2024-08-29,1.809999942779541,1.8600000143051147,1.7899999618530273,1.8200000524520874,10500,1.8200000524520874,0
2024-08-30,1.840000033378601,1.8849999904632568,1.7999999523162842,1.7999999523162842,14000,1.7999999523162842,0
2024-09-03,1.840000033378601,1.9299999475479126,1.5800000429153442,1.7300000190734863,49600,1.7300000190734863,0
2024-09-04,1.7300000190734863,1.7400000095367432,1.6299999952316284,1.7000000476837158,11900,1.7000000476837158,0
2024-09-05,1.6799999475479126,1.6799999475479126,1.5,1.5499999523162842,38500,1.5499999523162842,0
2024-09-06,1.5800000429153442,1.659999966621399,1.3200000524520874,1.4199999570846558,38500,1.4199999570846558,0
2024-09-09,1.3899999856948853,1.4900000095367432,1.3600000143051147,1.4700000286102295,46400,1.4700000286102295,0
2024-09-10,1.440000057220459,1.4500000476837158,1.3799999952316284,1.3899999856948853,13800,1.3899999856948853,0
2024-09-11,1.399999976158142,1.434000015258789,1.3300000429153442,1.3700000047683716,12400,1.3700000047683716,0
2024-09-12,1.3799999952316284,1.5199999809265137,1.3799999952316284,1.5199999809265137,48600,1.5199999809265137,0
2024-09-13,1.5399999618530273,1.6699999570846558,1.5299999713897705,1.6399999856948853,60700,1.6399999856948853,0
2024-09-16,1.6100000143051147,1.659999966621399,1.559999942779541,1.6399999856948853,43600,1.6399999856948853,0
2024-09-17,1.590000033378601,1.8200000524520874,1.5499999523162842,1.7899999618530273,82600,1.7899999618530273,0
2024-09-18,1.7400000095367432,2.1700000762939453,1.7400000095367432,2.0999999046325684,173100,2.0999999046325684,0
2024-09-19,2.049999952316284,2.239000082015991,1.9600000381469727,2.190000057220459,64800,2.190000057220459,0
2024-09-20,2.190000057220459,2.9800000190734863,2.1500000953674316,2.549999952316284,296400,2.549999952316284,0
2024-09-23,2.549999952316284,3.5,2.259999990463257,3.200000047683716,2218600,3.200000047683716,0
2024-09-24,3.4000000953674316,3.8499999046325684,2.4100000858306885,2.490000009536743,1428800,2.490000009536743,0
2024-09-25,4.139999866485596,4.860000133514404,3.3499999046325684,3.630000114440918,100600700,3.630000114440918,0
2024-09-26,3.380000114440918,3.390000104904175,2.8410000801086426,2.940000057220459,1625700,2.940000057220459,0
2024-09-27,2.8499999046325684,2.990000009536743,2.609999895095825,2.7300000190734863,760600,2.7300000190734863,0
2024-09-30,2.6600000858306885,2.6600000858306885,2.380000114440918,2.390000104904175,460200,2.390000104904175,0
2024-10-01,2.4000000953674316,2.4100000858306885,2.0199999809265137,2.240000009536743,434800,2.240000009536743,0
2024-10-02,2.1600000858306885,2.309999942779541,2.1029999256134033,2.240000009536743,143600,2.240000009536743,0
2024-10-03,2.240000009536743,2.3399999141693115,2.2200000286102295,2.2899999618530273,117500,2.2899999618530273,0
2024-10-04,2.299999952316284,2.3399999141693115,2.1500000953674316,2.2300000190734863,92900,2.2300000190734863,0
2024-10-07,2.180000066757202,2.2300000190734863,2.0999999046325684,2.1700000762939453,147400,2.1700000762939453,0
2024-10-08,2.2799999713897705,2.309999942779541,2.0399999618530273,2.0899999141693115,405300,2.0899999141693115,0
2024-10-09,2.0399999618530273,2.0799999237060547,1.850000023841858,1.8899999856948853,173300,1.8899999856948853,0
2024-10-10,1.9199999570846558,1.940000057220459,1.7799999713897705,1.8700000047683716,77000,1.8700000047683716,0
2024-10-11,1.8799999952316284,1.9950000047683716,1.8700000047683716,1.9700000286102295,29800,1.9700000286102295,0
2024-10-14,2.0,2.0999999046325684,1.972000002861023,2.059999942779541,70800,2.059999942779541,0
2024-10-15,2.059999942779541,2.4100000858306885,2.059999942779541,2.4000000953674316,235000,2.4000000953674316,0
2024-10-16,2.2899999618530273,2.509999990463257,2.2899999618530273,2.4200000762939453,105700,2.4200000762939453,0
2024-10-17,2.390000104904175,2.490000009536743,2.3299999237060547,2.4800000190734863,77900,2.4800000190734863,0
2024-10-18,2.509999990463257,2.509999990463257,2.3910000324249268,2.490000009536743,62800,2.490000009536743,0
2024-10-21,2.509999990463257,2.515000104904175,2.25,2.2799999713897705,51100,2.2799999713897705,0
2024-10-22,2.2899999618530273,2.3299999237060547,2.0199999809265137,2.0999999046325684,83700,2.0999999046325684,0
2024-10-23,2.0999999046325684,2.2100000381469727,1.9800000190734863,2.009999990463257,73700,2.009999990463257,0
2024-10-24,2.0,2.049999952316284,1.9390000104904175,2.0299999713897705,59600,2.0299999713897705,0
2024-10-25,2.0299999713897705,2.0299999713897705,1.9299999475479126,1.940000057220459,37600,1.940000057220459,0
2024-10-28,1.9700000286102295,2.1500000953674316,1.9700000286102295,2.1500000953674316,49600,2.1500000953674316,0
2024-10-29,2.1500000953674316,2.200000047683716,2.0199999809265137,2.059999942779541,34300,2.059999942779541,0
2024-10-30,2.059999942779541,2.0980000495910645,2.0,2.0199999809265137,16600,2.0199999809265137,0
2024-10-31,2.0199999809265137,2.0239999294281006,1.9700000286102295,1.9800000190734863,16600,1.9800000190734863,0
2024-11-01,1.9800000190734863,1.9800000190734863,1.9500000476837158,1.9800000190734863,17100,1.9800000190734863,0
2024-11-04,1.9700000286102295,2.065999984741211,1.9140000343322754,1.9900000095367432,32800,1.9900000095367432,0
2024-11-05,2.009999990463257,2.0999999046325684,1.9900000095367432,2.0199999809265137,24500,2.0199999809265137,0
2024-11-06,2.130000114440918,2.130000114440918,2.0,2.009999990463257,35900,2.009999990463257,0
2024-11-07,2.0,2.049999952316284,1.899999976158142,1.9299999475479126,22900,1.9299999475479126,0
2024-11-08,1.9299999475479126,2.059999942779541,1.7999999523162842,1.9299999475479126,105800,1.9299999475479126,0
2024-11-11,1.9299999475479126,1.9900000095367432,1.9199999570846558,1.9500000476837158,17100,1.9500000476837158,0
2024-11-12,1.9800000190734863,1.9900000095367432,1.8569999933242798,1.909999966621399,15900,1.909999966621399,0
2024-11-13,1.8700000047683716,2.140000104904175,1.8600000143051147,2.0199999809265137,228200,2.0199999809265137,0
2024-11-14,2.009999990463257,2.009999990463257,1.7999999523162842,1.9199999570846558,93600,1.9199999570846558,0
2024-11-15,1.9199999570846558,1.9889999628067017,1.7899999618530273,1.8200000524520874,43500,1.8200000524520874,0
2024-11-18,1.809999942779541,1.8200000524520874,1.6399999856948853,1.7000000476837158,40300,1.7000000476837158,0
2024-11-19,1.659999966621399,1.7000000476837158,1.5399999618530273,1.5399999618530273,40900,1.5399999618530273,0
2024-11-20,1.559999942779541,1.7699999809265137,1.559999942779541,1.75,56100,1.75,0
2024-11-21,1.75,1.75,1.600000023841858,1.6200000047683716,37500,1.6200000047683716,0
2024-11-22,1.6399999856948853,1.8200000524520874,1.590000033378601,1.7599999904632568,46300,1.7599999904632568,0
2024-11-25,1.7899999618530273,1.8899999856948853,1.7699999809265137,1.850000023841858,29000,1.850000023841858,0
2024-11-26,1.8300000429153442,1.8700000047683716,1.7200000286102295,1.7999999523162842,13600,1.7999999523162842,0
2024-11-27,1.840000033378601,1.909999966621399,1.809000015258789,1.8899999856948853,39200,1.8899999856948853,0
2024-11-29,1.8799999952316284,1.8830000162124634,1.840000033378601,1.8799999952316284,10300,1.8799999952316284,0
2024-12-02,1.8600000143051147,1.9270000457763672,1.809999942779541,1.8899999856948853,46600,1.8899999856948853,0
2024-12-03,1.8899999856948853,1.8899999856948853,1.809999942779541,1.8200000524520874,14600,1.8200000524520874,0
2024-12-04,1.809999942779541,1.8799999952316284,1.774999976158142,1.7799999713897705,11700,1.7799999713897705,0
2024-12-05,1.8899999856948853,1.8899999856948853,1.7799999713897705,1.8300000429153442,16900,1.8300000429153442,0
2024-12-06,1.8600000143051147,1.8880000114440918,1.7599999904632568,1.7999999523162842,14600,1.7999999523162842,0
2024-12-09,1.8899999856948853,1.899999976158142,1.75,1.7799999713897705,84100,1.7799999713897705,0
2024-12-10,1.7599999904632568,1.7599999904632568,1.6699999570846558,1.7000000476837158,12800,1.7000000476837158,0
2024-12-11,1.7100000381469727,1.7300000190734863,1.649999976158142,1.7000000476837158,19200,1.7000000476837158,0
2024-12-12,1.6799999475479126,1.7400000095367432,1.5800000429153442,1.590000033378601,22100,1.590000033378601,0
2024-12-13,1.590000033378601,1.600000023841858,1.5299999713897705,1.590000033378601,27800,1.590000033378601,0
2024-12-16,1.600000023841858,1.649999976158142,1.5499999523162842,1.5800000429153442,28700,1.5800000429153442,0
2024-12-17,1.6799999475479126,1.6990000009536743,1.5499999523162842,1.5800000429153442,13500,1.5800000429153442,0
2024-12-18,1.5499999523162842,1.600000023841858,1.409999966621399,1.440000057220459,68800,1.440000057220459,0
2024-12-19,1.440000057220459,1.4800000190734863,1.440000057220459,1.465000033378601,14200,1.465000033378601,0
2024-12-20,1.4500000476837158,1.5800000429153442,1.3070000410079956,1.4900000095367432,372000,1.4900000095367432,0
2024-12-23,1.5,1.5149999856948853,1.4900000095367432,1.5099999904632568,14700,1.5099999904632568,0
2024-12-24,1.5449999570846558,1.5540000200271606,1.5,1.5099999904632568,9600,1.5099999904632568,0
2024-12-26,1.5099999904632568,1.5700000524520874,1.4500000476837158,1.5499999523162842,17800,1.5499999523162842,0
2024-12-27,1.5499999523162842,1.6100000143051147,1.4110000133514404,1.600000023841858,73300,1.600000023841858,0
2024-12-30,2.740000009536743,3.0399999618530273,2.049999952316284,2.5799999237060547,28881200,2.5799999237060547,0
2024-12-31,2.549999952316284,2.549999952316284,2.0199999809265137,2.190000057220459,782900,2.190000057220459,0
2025-01-02,2.0799999237060547,2.299999952316284,2.0,2.0,241400,2.0,0
2025-01-03,2.059999942779541,2.0989999771118164,1.7599999904632568,1.9700000286102295,196200,1.9700000286102295,0
2025-01-06,2.0299999713897705,2.2200000286102295,2.003999948501587,2.0399999618530273,107500,2.0399999618530273,0
2025-01-07,2.0399999618530273,2.075000047683716,1.899999976158142,1.909999966621399,67700,1.909999966621399,0
2025-01-08,1.9199999570846558,1.9199999570846558,1.659999966621399,1.7999999523162842,106400,1.7999999523162842,0
2025-01-10,1.75,1.840000033378601,1.6799999475479126,1.690000057220459,57800,1.690000057220459,0
2025-01-13,1.7100000381469727,1.7300000190734863,1.593999981880188,1.649999976158142,45200,1.649999976158142,0
2025-01-14,1.649999976158142,1.7000000476837158,1.5700000524520874,1.600000023841858,26700,1.600000023841858,0
2025-01-15,1.6100000143051147,1.694000005722046,1.559000015258789,1.649999976158142,47100,1.649999976158142,0
2025-01-16,1.690000057220459,1.690000057220459,1.6200000047683716,1.649999976158142,13000,1.649999976158142,0
2025-01-17,1.6299999952316284,1.7699999809265137,1.6299999952316284,1.7400000095367432,35000,1.7400000095367432,0
2025-01-21,1.7400000095367432,1.8339999914169312,1.7000000476837158,1.7000000476837158,36400,1.7000000476837158,0
2025-01-22,1.75,1.75,1.6100000143051147,1.690000057220459,40100,1.690000057220459,0
2025-01-23,1.7289999723434448,1.7289999723434448,1.6200000047683716,1.649999976158142,17200,1.649999976158142,0
2025-01-24,1.649999976158142,1.7000000476837158,1.649999976158142,1.6699999570846558,20600,1.6699999570846558,0
2025-01-27,1.7000000476837158,1.7000000476837158,1.559999942779541,1.600000023841858,22700,1.600000023841858,0
2025-01-28,1.5800000429153442,1.5800000429153442,1.5110000371932983,1.5499999523162842,28100,1.5499999523162842,0
2025-01-29,1.6399999856948853,1.6399999856948853,1.4900000095367432,1.5299999713897705,29600,1.5299999713897705,0
2025-01-30,1.6299999952316284,1.6360000371932983,1.5260000228881836,1.5700000524520874,18300,1.5700000524520874,0
2025-01-31,1.5800000429153442,1.6200000047683716,1.5199999809265137,1.5520000457763672,22500,1.5520000457763672,0
2025-02-03,1.5199999809265137,1.7450000047683716,1.4600000381469727,1.6720000505447388,114800,1.6720000505447388,0
2025-02-04,1.6299999952316284,1.659999966621399,1.6100000143051147,1.649999976158142,28500,1.649999976158142,0
2025-02-05,1.7100000381469727,1.7100000381469727,1.4500000476837158,1.5199999809265137,42500,1.5199999809265137,0
2025-02-06,1.5299999713897705,1.6299999952316284,1.4500000476837158,1.5390000343322754,71200,1.5390000343322754,0
2025-02-07,1.5399999618530273,1.5880000591278076,1.4600000381469727,1.5499999523162842,15700,1.5499999523162842,0
2025-02-10,1.5299999713897705,1.600000023841858,1.5,1.5700000524520874,37000,1.5700000524520874,0
2025-02-11,1.600000023841858,1.6200000047683716,1.5829999446868896,1.6200000047683716,45700,1.6200000047683716,0
2025-02-12,1.6100000143051147,1.9800000190734863,1.559999942779541,1.9500000476837158,124800,1.9500000476837158,0
2025-02-13,1.940000057220459,1.940000057220459,1.8389999866485596,1.899999976158142,38000,1.899999976158142,0
2025-02-14,1.909999966621399,1.9199999570846558,1.8329999446868896,1.8890000581741333,37100,1.8890000581741333,0
2025-02-18,1.937000036239624,1.937000036239624,1.850000023841858,1.8700000047683716,7200,1.8700000047683716,0
2025-02-19,1.840000033378601,1.8730000257492065,1.7359999418258667,1.7999999523162842,12800,1.7999999523162842,0
2025-02-20,1.7999999523162842,1.8519999980926514,1.6799999475479126,1.6799999475479126,11800,1.6799999475479126,0
2025-02-21,1.7000000476837158,1.75,1.690999984741211,1.7200000286102295,13500,1.7200000286102295,0
2025-02-24,1.7050000429153442,1.7699999809265137,1.600000023841858,1.6200000047683716,28800,1.6200000047683716,0
2025-02-25,1.600000023841858,1.6100000143051147,1.4800000190734863,1.5399999618530273,56200,1.5399999618530273,0
2025-02-26,1.559999942779541,1.6299999952316284,1.2799999713897705,1.3700000047683716,78000,1.3700000047683716,0
2025-02-27,1.3799999952316284,1.4559999704360962,1.3799999952316284,1.4199999570846558,12900,1.4199999570846558,0
2025-02-28,1.4199999570846558,1.434999942779541,1.340999960899353,1.409999966621399,13000,1.409999966621399,0
2025-03-03,1.409999966621399,1.4429999589920044,1.25,1.3600000143051147,31800,1.3600000143051147,0
2025-03-04,1.350000023841858,1.350000023841858,1.2699999809265137,1.3259999752044678,12900,1.3259999752044678,0
2025-03-05,1.3300000429153442,1.4199999570846558,1.3200000524520874,1.4199999570846558,8200,1.4199999570846558,0
2025-03-06,1.5499999523162842,1.7400000095367432,1.4600000381469727,1.4800000190734863,69200,1.4800000190734863,0
2025-03-07,1.4700000286102295,1.4700000286102295,1.0199999809265137,1.0800000429153442,337000,1.0800000429153442,0
2025-03-10,1.0800000429153442,1.149999976158142,1.0800000429153442,1.100000023841858,35900,1.100000023841858,0
2025-03-11,1.1100000143051147,1.1399999856948853,1.059999942779541,1.1399999856948853,20500,1.1399999856948853,0
2025-03-12,1.1100000143051147,1.1399999856948853,1.0800000429153442,1.1100000143051147,15700,1.1100000143051147,0
2025-03-13,1.1299999952316284,1.1349999904632568,1.0700000524520874,1.0800000429153442,6100,1.0800000429153442,0
2025-03-14,1.0800000429153442,1.1299999952316284,1.0399999618530273,1.1299999952316284,15000,1.1299999952316284,0
2025-03-17,1.1399999856948853,1.1399999856948853,1.0800000429153442,1.1200000047683716,7500,1.1200000047683716,0
2025-03-18,1.100000023841858,1.1200000047683716,1.0499999523162842,1.065000057220459,20600,1.065000057220459,0
2025-03-19,1.059999942779541,1.0800000429153442,1.059999942779541,1.0700000524520874,6900,1.0700000524520874,0
2025-03-20,1.0700000524520874,1.1200000047683716,1.0700000524520874,1.0800000429153442,15300,1.0800000429153442,0
2025-03-21,1.090000033378601,1.1299999952316284,1.0829999446868896,1.1299999952316284,16900,1.1299999952316284,0
2025-03-24,1.1200000047683716,1.2300000190734863,1.1200000047683716,1.2000000476837158,37700,1.2000000476837158,0
2025-03-25,1.2000000476837158,1.2300000190734863,1.1540000438690186,1.2300000190734863,10100,1.2300000190734863,0
2025-03-26,1.2000000476837158,1.3300000429153442,1.190000057220459,1.309999942779541,10500,1.309999942779541,0
2025-03-27,1.2799999713897705,1.2799999713897705,1.2000000476837158,1.2000000476837158,10500,1.2000000476837158,0
2025-03-28,1.2000000476837158,1.2000000476837158,1.100000023841858,1.100000023841858,14600,1.100000023841858,0
2025-03-31,1.100000023841858,1.1050000190734863,1.0700000524520874,1.0700000524520874,8500,1.0700000524520874,0
2025-04-01,1.0800000429153442,1.149999976158142,1.0399999618530273,1.1299999952316284,9600,1.1299999952316284,0
2025-04-02,1.090000033378601,1.2300000190734863,1.090000033378601,1.159999966621399,5300,1.159999966621399,0
2025-04-03,1.1399999856948853,1.1399999856948853,1.0499999523162842,1.1299999952316284,15200,1.1299999952316284,0
2025-04-04,1.1100000143051147,1.1100000143051147,1.0199999809265137,1.065000057220459,7900,1.065000057220459,0
2025-04-07,1.059999942779541,1.059999942779541,0.9800000190734863,1.024999976158142,13100,1.024999976158142,0
2025-04-08,1.0800000429153442,1.1200000047683716,0.9760000109672546,1.0299999713897705,198700,1.0299999713897705,0
2025-04-09,1.0199999809265137,1.1100000143051147,1.0099999904632568,1.0399999618530273,108600,1.0399999618530273,0
2025-04-10,1.090000033378601,1.100000023841858,1.0199999809265137,1.059999942779541,42300,1.059999942779541,0
2025-04-11,1.0399999618530273,1.0720000267028809,1.0299999713897705,1.0379999876022339,22700,1.0379999876022339,0
2025-04-14,1.0499999523162842,1.1019999980926514,1.0099999904632568,1.0199999809265137,10700,1.0199999809265137,0
2025-04-15,1.0299999713897705,1.0850000381469727,1.0199999809265137,1.0700000524520874,24300,1.0700000524520874,0
2025-04-16,1.0700000524520874,1.093000054359436,1.0299999713897705,1.0809999704360962,13200,1.0809999704360962,0
2025-04-17,1.0800000429153442,1.0800000429153442,1.059999942779541,1.0800000429153442,2200,1.0800000429153442,0
2025-04-21,1.0700000524520874,1.0950000286102295,1.0099999904632568,1.059999942779541,29800,1.059999942779541,0
2025-04-22,1.059999942779541,1.059999942779541,1.0,1.0399999618530273,8000,1.0399999618530273,0
2025-04-23,1.0399999618530273,1.090000033378601,1.0399999618530273,1.0889999866485596,8200,1.0889999866485596,0
2025-04-24,1.090000033378601,1.1699999570846558,1.0800000429153442,1.1299999952316284,18500,1.1299999952316284,0
2025-04-25,1.1449999809265137,1.190000057220459,1.1449999809265137,1.159999966621399,5100,1.159999966621399,0
2025-04-28,1.1699999570846558,1.1699999570846558,1.100000023841858,1.149999976158142,6500,1.149999976158142,0
2025-04-29,1.190000057220459,1.3200000524520874,1.159999966621399,1.309999942779541,371200,1.309999942779541,0
2025-04-30,1.600000023841858,1.600000023841858,1.2899999618530273,1.340000033378601,2112700,1.340000033378601,0
2025-05-01,1.3600000143051147,1.5800000429153442,1.3300000429153442,1.4500000476837158,272200,1.4500000476837158,0
2025-05-02,1.4500000476837158,1.4700000286102295,1.3200000524520874,1.3700000047683716,56200,1.3700000047683716,0
2025-05-05,1.350000023841858,1.440000057220459,1.309999942779541,1.3799999952316284,57300,1.3799999952316284,0
2025-05-06,1.340999960899353,1.440000057220459,1.340000033378601,1.340000033378601,35600,1.340000033378601,0
2025-05-07,1.3300000429153442,1.340000033378601,1.25,1.2799999713897705,26200,1.2799999713897705,0
2025-05-08,1.340000033378601,1.3700000047683716,1.2350000143051147,1.3550000190734863,87700,1.3550000190734863,0
2025-05-09,1.309999942779541,1.340000033378601,1.2599999904632568,1.3289999961853027,21400,1.3289999961853027,0
2025-05-12,1.3300000429153442,1.4700000286102295,1.2699999809265137,1.4299999475479126,185300,1.4299999475479126,0
2025-05-13,1.440000057220459,1.5299999713897705,1.350000023841858,1.4500000476837158,122400,1.4500000476837158,0
2025-05-14,1.5399999618530273,1.5399999618530273,1.2999999523162842,1.409999966621399,104000,1.409999966621399,0
2025-05-15,1.409999966621399,1.4950000047683716,1.3220000267028809,1.4149999618530273,19100,1.4149999618530273,0
2025-05-16,1.4500000476837158,1.4500000476837158,1.350000023841858,1.3899999856948853,35800,1.3899999856948853,0
2025-05-19,1.371000051498413,1.3899999856948853,1.3300000429153442,1.3450000286102295,13500,1.3450000286102295,0
2025-05-20,1.3300000429153442,1.3890000581741333,1.3300000429153442,1.3700000047683716,10600,1.3700000047683716,0
2025-05-21,1.3700000047683716,1.3930000066757202,1.3300000429153442,1.340000033378601,10400,1.340000033378601,0
2025-05-22,1.3300000429153442,1.340000033378601,1.2300000190734863,1.2699999809265137,32600,1.2699999809265137,0
2025-05-23,1.2699999809265137,1.309999942779541,1.2280000448226929,1.2400000095367432,7300,1.2400000095367432,0
2025-05-27,1.2100000381469727,1.3300000429153442,1.2100000381469727,1.3200000524520874,43600,1.3200000524520874,0
2025-05-28,1.3200000524520874,1.3370000123977661,1.2599999904632568,1.309999942779541,20900,1.309999942779541,0
2025-05-29,1.340000033378601,1.340000033378601,1.2610000371932983,1.315000057220459,16100,1.315000057220459,0
2025-05-30,1.309999942779541,1.399999976158142,1.2999999523162842,1.3049999475479126,17700,1.3049999475479126,0
2025-06-02,1.3600000143051147,1.3600000143051147,1.2960000038146973,1.3550000190734863,7800,1.3550000190734863,0
2025-06-03,1.350000023841858,1.3899999856948853,1.3200000524520874,1.350000023841858,12200,1.350000023841858,0
2025-06-04,1.2899999618530273,1.399999976158142,1.2899999618530273,1.3600000143051147,24400,1.3600000143051147,0
2025-06-05,1.3899999856948853,1.3899999856948853,1.2940000295639038,1.3279999494552612,8300,1.3279999494552612,0
2025-06-06,1.2999999523162842,1.3700000047683716,1.2999999523162842,1.350000023841858,14800,1.350000023841858,0
2025-06-09,1.3300000429153442,1.3700000047683716,1.309999942779541,1.3630000352859497,12700,1.3630000352859497,0
2025-06-10,1.3600000143051147,1.3600000143051147,1.2999999523162842,1.340000033378601,24000,1.340000033378601,0
2025-06-11,1.340000033378601,1.350000023841858,1.2200000286102295,1.309999942779541,18200,1.309999942779541,0
2025-06-12,1.2899999618530273,1.2999999523162842,1.190000057220459,1.2599999904632568,26100,1.2599999904632568,0
2025-06-13,1.2599999904632568,1.2599999904632568,1.1399999856948853,1.1579999923706055,25600,1.1579999923706055,0
2025-06-16,1.2000000476837158,1.2319999933242798,1.159999966621399,1.2300000190734863,13500,1.2300000190734863,0
2025-06-17,1.2300000190734863,1.2410000562667847,1.1399999856948853,1.159999966621399,3900,1.159999966621399,0
2025-06-18,1.1699999570846558,1.2209999561309814,1.1399999856948853,1.1699999570846558,8200,1.1699999570846558,0
2025-06-20,1.1699999570846558,1.1699999570846558,1.1100000143051147,1.1100000143051147,15900,1.1100000143051147,0
2025-06-23,1.1100000143051147,1.1100000143051147,1.0499999523162842,1.0700000524520874,27700,1.0700000524520874,0
2025-06-24,1.0800000429153442,1.1200000047683716,1.0800000429153442,1.1200000047683716,5700,1.1200000047683716,0
2025-06-25,1.1100000143051147,1.1799999475479126,1.1100000143051147,1.1699999570846558,4800,1.1699999570846558,0
2025-06-26,1.1699999570846558,1.215000033378601,1.159999966621399,1.2100000381469727,5200,1.2100000381469727,0
2025-06-27,1.2300000190734863,1.2300000190734863,1.1699999570846558,1.2000000476837158,6500,1.2000000476837158,0
2025-06-30,1.2100000381469727,1.25,1.2000000476837158,1.2400000095367432,8300,1.2400000095367432,0
2025-07-01,1.2400000095367432,1.2400000095367432,1.1660000085830688,1.215000033378601,6600,1.215000033378601,0
2025-07-02,1.25,1.25,1.190000057220459,1.2100000381469727,16400,1.2100000381469727,0
2025-07-03,1.1799999475479126,1.1799999475479126,1.149999976158142,1.1799999475479126,7100,1.1799999475479126,0
2025-07-07,1.159999966621399,1.1799999475479126,1.1100000143051147,1.1699999570846558,3600,1.1699999570846558,0
2025-07-08,1.1699999570846558,1.2300000190734863,1.1699999570846558,1.2100000381469727,11200,1.2100000381469727,0
2025-07-09,1.190999984741211,1.2200000286102295,1.190000057220459,1.2200000286102295,6000,1.2200000286102295,0
2025-07-10,1.190000057220459,1.2200000286102295,1.190000057220459,1.2000000476837158,4400,1.2000000476837158,0
2025-07-11,1.2200000286102295,1.2489999532699585,1.2009999752044678,1.2400000095367432,42800,1.2400000095367432,0
2025-07-14,1.2999999523162842,1.4500000476837158,1.100000023841858,1.4500000476837158,166100,1.4500000476837158,0
2025-07-15,1.3600000143051147,1.4900000095367432,1.3600000143051147,1.4299999475479126,90800,1.4299999475479126,0
2025-07-16,1.4700000286102295,1.4700000286102295,1.059999942779541,1.2699999809265137,147900,1.2699999809265137,0
2025-07-17,1.309999942779541,1.3899999856948853,1.2599999904632568,1.3600000143051147,37100,1.3600000143051147,0
2025-07-18,1.3600000143051147,1.375,1.309999942779541,1.3200000524520874,12100,1.3200000524520874,0
2025-07-21,1.2999999523162842,1.7200000286102295,1.2999999523162842,1.3799999952316284,309300,1.3799999952316284,0
2025-07-22,1.2999999523162842,1.3799999952316284,1.2000000476837158,1.2699999809265137,87100,1.2699999809265137,0
2025-07-23,1.2999999523162842,1.590000033378601,1.2999999523162842,1.5399999618530273,107300,1.5399999618530273,0
2025-07-24,1.5199999809265137,1.5199999809265137,1.399999976158142,1.4299999475479126,7686900,1.4299999475479126,0
2025-07-25,1.9149999618530273,2.740000009536743,1.7300000190734863,2.4600000381469727,57539100,2.4600000381469727,0
2025-07-28,2.0199999809265137,2.1600000858306885,1.8200000524520874,1.8200000524520874,1429400,1.8200000524520874,0
2025-07-29,1.7699999809265137,1.7699999809265137,1.5199999809265137,1.5199999809265137,347400,1.5199999809265137,0
2025-07-30,1.5,1.6890000104904175,1.5,1.5700000524520874,269000,1.5700000524520874,0
2025-07-31,1.6399999856948853,1.6399999856948853,1.4500000476837158,1.4500000476837158,114300,1.4500000476837158,0
2025-08-01,1.5,1.6399999856948853,1.440000057220459,1.5800000429153442,218700,1.5800000429153442,0
2025-08-04,1.590000033378601,1.590000033378601,1.4900000095367432,1.4900000095367432,70400,1.4900000095367432,0
2025-08-05,1.4700000286102295,1.4800000190734863,1.371999979019165,1.4500000476837158,178400,1.4500000476837158,0
2025-08-06,1.4500000476837158,1.5490000247955322,1.440000057220459,1.4700000286102295,80700,1.4700000286102295,0
2025-08-07,1.440000057220459,1.5299999713897705,1.440000057220459,1.4800000190734863,28700,1.4800000190734863,0
2025-08-08,1.4800000190734863,1.5119999647140503,1.4329999685287476,1.4800000190734863,31400,1.4800000190734863,0
2025-08-11,1.5099999904632568,1.5299999713897705,1.4700000286102295,1.4700000286102295,35200,1.4700000286102295,0
2025-08-12,1.4900000095367432,1.5299999713897705,1.4500000476837158,1.5199999809265137,26500,1.5199999809265137,0
2025-08-13,1.5700000524520874,1.6200000047683716,1.5299999713897705,1.590000033378601,81100,1.590000033378601,0
2025-08-14,1.590000033378601,1.63100004196167,1.5149999856948853,1.6100000143051147,25600,1.6100000143051147,0
2025-08-15,1.5499999523162842,1.600000023841858,1.5199999809265137,1.5700000524520874,31600,1.5700000524520874,0
2025-08-18,1.5299999713897705,1.590000033378601,1.5199999809265137,1.5399999618530273,37700,1.5399999618530273,0
2025-08-19,1.5700000524520874,1.5700000524520874,1.5,1.5099999904632568,23200,1.5099999904632568,0
2025-08-20,1.5299999713897705,1.5299999713897705,1.3300000429153442,1.4199999570846558,69100,1.4199999570846558,0
2025-08-21,1.3799999952316284,1.4199999570846558,1.3600000143051147,1.3799999952316284,34100,1.3799999952316284,0
2025-08-22,1.3799999952316284,1.5199999809265137,1.375,1.5199999809265137,37500,1.5199999809265137,0
2025-08-25,1.5199999809265137,1.5499999523162842,1.4700000286102295,1.5499999523162842,17100,1.5499999523162842,0
2025-08-26,1.559999942779541,1.559999942779541,1.5,1.5049999952316284,14000,1.5049999952316284,0
2025-08-27,1.5,1.5299999713897705,1.4819999933242798,1.4900000095367432,19100,1.4900000095367432,0
2025-08-28,1.4800000190734863,1.5800000429153442,1.4800000190734863,1.5700000524520874,36800,1.5700000524520874,0
2025-08-29,1.5299999713897705,1.5299999713897705,1.4800000190734863,1.5099999904632568,11100,1.5099999904632568,0
2025-09-02,1.4800000190734863,1.4900000095367432,1.350000023841858,1.4600000381469727,44400,1.4600000381469727,0
2025-09-03,1.4299999475479126,1.5099999904632568,1.3700000047683716,1.5,34300,1.5,0
2025-09-04,1.4800000190734863,1.4800000190734863,1.3899999856948853,1.4500000476837158,26100,1.4500000476837158,0
2025-09-05,1.5,1.5,1.4140000343322754,1.4500000476837158,13500,1.4500000476837158,0
2025-09-08,18.860000610351562,83.12000274658203,15.520000457763672,45.08000183105469,204842400,45.08000183105469,0
2025-09-09,46.17499923706055,49.470001220703125,32.529998779296875,40.16999816894531,19337300,40.16999816894531,0
2025-09-10,37.709999084472656,38.939998626708984,23.954999923706055,24.110000610351562,6761300,24.110000610351562,0
2025-09-11,19.5,19.790000915527344,14.0,14.5,33634600,14.5,0
2025-09-12,15.925000190734863,19.290000915527344,14.800000190734863,15.619999885559082,7857400,15.619999885559082,0
2025-09-15,15.125,15.229999542236328,11.760000228881836,12.020000457763672,3889500,12.020000457763672,0
2025-09-16,12.359999656677246,12.399999618530273,10.91100025177002,11.399999618530273,3872900,11.399999618530273,0
2025-09-17,11.489999771118164,11.489999771118164,10.449999809265137,10.859999656677246,2772600,10.859999656677246,0
2025-09-18,11.0,15.960000038146973,11.0,12.550000190734863,15602600,12.550000190734863,0
2025-09-19,13.789999961853027,14.029999732971191,12.609999656677246,12.789999961853027,4041200,12.789999961853027,0
2025-09-22,12.329999923706055,12.739999771118164,11.800000190734863,12.010000228881836,2025300,12.010000228881836,0
2025-09-23,12.0,13.859999656677246,11.210000038146973,13.050000190734863,2536100,13.050000190734863,0
2025-09-24,13.289999961853027,14.609999656677246,12.51200008392334,13.1899995803833,2818100,13.1899995803833,0
2025-09-25,12.470000267028809,12.84000015258789,11.960000038146973,12.130000114440918,1454300,12.130000114440918,0
2025-09-26,11.699999809265137,12.100000381469727,11.300000190734863,11.489999771118164,1239200,11.489999771118164,0
2025-09-29,11.90999984741211,12.055000305175781,11.0,11.220000267028809,1379700,11.220000267028809,0
2025-09-30,11.0,11.0,9.0,9.149999618530273,3605800,9.149999618530273,0
2025-10-01,9.300000190734863,9.390000343322754,8.0,8.100000381469727,3405300,8.100000381469727,0
2025-10-02,8.270000457763672,9.5,7.800000190734863,8.449999809265137,4347200,8.449999809265137,0
2025-10-03,8.5,8.729999542236328,8.126999855041504,8.239999771118164,2041900,8.239999771118164,0
2025-10-06,8.720000267028809,10.399999618530273,8.489999771118164,10.010000228881836,2846788,10.010000228881836,0
